platform,username,profile_url
linkbio,2Eta,https://bio.link/2Eta
linkbio,5sYp,https://bio.link/5sYp
linkbio,9ZXt,https://bio.link/9ZXt
linkbio,D3W0,https://bio.link/D3W0
linkbio,Jesshauk,https://bio.link/Jesshauk
linkbio,JojoThePelvicPro,https://bio.link/JojoThePelvicPro
linkbio,TiffanyEliz,https://bio.link/TiffanyEliz
linkbio,ZKX9,https://bio.link/ZKX9
linkbio,anmjones,https://bio.link/anmjones
linkbio,domchesh,https://bio.link/domchesh
linkbio,earthdancingpirate,https://bio.link/earthdancingpirate
linkbio,jessicasirvin,https://bio.link/jessicasirvin
linkbio,kCdGBZjJeRhtyXlGhQAj,https://bio.link/kCdGBZjJeRhtyXlGhQAj
linkbio,lifeofcarolineh,https://bio.link/lifeofcarolineh
linkbio,sheiladawnr85,https://bio.link/sheiladawnr85
linkbio,vinP,https://bio.link/vinP
linkbio,vsNs,https://bio.link/vsNs
linktree,2girls1brainpodcast,https://linktr.ee/2girls1brainpodcast
linktree,Avachanel,https://linktr.ee/Avachanel
linktree,Dominokirke,https://linktr.ee/Dominokirke
linktree,DownDogFitnessAC,https://linktr.ee/DownDogFitnessAC
linktree,Hannahshaller,https://linktr.ee/Hannahshaller
linktree,Jasmincupcake,https://linktr.ee/Jasmincupcake
linktree,Laurencaldwelltattoo,https://linktr.ee/Laurencaldwelltattoo
linktree,MyRenewPT,https://linktr.ee/MyRenewPT
linktree,NurtuHer,https://linktr.ee/NurtuHer
linktree,TheCCWH,https://linktr.ee/TheCCWH
linktree,agoodgirlsguideto,https://linktr.ee/agoodgirlsguideto
linktree,alissairis,https://linktr.ee/alissairis
linktree,allisonfeehan,https://linktr.ee/allisonfeehan
linktree,armielke,https://linktr.ee/armielke
linktree,authenticallyhailey,https://linktr.ee/authenticallyhailey
linktree,beyondthebirthstory,https://linktr.ee/beyondthebirthstory
linktree,caras_atl,https://linktr.ee/caras_atl
linktree,chicagoperiodproject,https://linktr.ee/chicagoperiodproject
linktree,danaerivers,https://linktr.ee/danaerivers
linktree,daniellechylinski,https://linktr.ee/daniellechylinski
linktree,desertdweller,https://linktr.ee/desertdweller
linktree,dionthepeon,https://linktr.ee/dionthepeon
linktree,doeidentifypodcast,https://linktr.ee/doeidentifypodcast
linktree,drannakarp,https://linktr.ee/drannakarp
linktree,emilyjprior_,https://linktr.ee/emilyjprior_
linktree,hello_noizy,https://linktr.ee/hello_noizy
linktree,highvibebutterflytribe,https://linktr.ee/highvibebutterflytribe
linktree,integrativehealingandwellness,https://linktr.ee/integrativehealingandwellness
linktree,intertwinedbybella,https://linktr.ee/intertwinedbybella
linktree,jasminehope,https://linktr.ee/jasminehope
linktree,jenellriesner,https://linktr.ee/jenellriesner
linktree,kjguyott,https://linktr.ee/kjguyott
linktree,knixwear,https://linktr.ee/knixwear
linktree,makeupbyannadawson,https://linktr.ee/makeupbyannadawson
linktree,meg.boggs,https://linktr.ee/meg.boggs
linktree,modibodi,https://linktr.ee/modibodi
linktree,modibodidiscount,https://linktr.ee/modibodidiscount
linktree,mollyrahe,https://linktr.ee/mollyrahe
linktree,naturallyher__,https://linktr.ee/naturallyher__
linktree,savannahjolayne,https://linktr.ee/savannahjolayne
linktree,shelbyy.lynn,https://linktr.ee/shelbyy.lynn
linktree,shoprubylove,https://linktr.ee/shoprubylove
linktree,theafromuslimah,https://linktr.ee/theafromuslimah
linktree,theirholiness,https://linktr.ee/theirholiness
linktree,thishomemadelife,https://linktr.ee/thishomemadelife
mentioned_handle,antoinettemaa,antoinettemaa
mentioned_handle,bhs_links,bhs_links
mentioned_handle,birdspapaya,birdspapaya
mentioned_handle,brittneecblair,brittneecblair
mentioned_handle,denupzter,denupzter
mentioned_handle,happygrannypies,happygrannypies
mentioned_handle,knix,knix
mentioned_handle,modibodi,modibodi
mentioned_handle,modibodiaustralia,modibodiaustralia
mentioned_handle,saalt,saalt
mentioned_handle,sarainfox,sarainfox
mentioned_handle,seo7878,seo7878
mentioned_handle,seo_anomaly,seo_anomaly
mentioned_handle,seo_cartel,seo_cartel
mentioned_handle,thebirdspapaya,thebirdspapaya
mentioned_handle,thebridspapaya,thebridspapaya
pinterest,iconundies,https://pinterest.com/iconundies
pinterest,knixwear,https://pinterest.com/knixwear
pinterest,modibodi,https://pinterest.com/modibodi
pinterest,saaltco,https://pinterest.com/saaltco
pinterest,shethinx,https://pinterest.com/shethinx
pinterest,shoprubylove,https://pinterest.com/shoprubylove
podcast,au,au
substack,add2watchlist,https://add2watchlist.substack.com
substack,ajasinger,https://ajasinger.substack.com
substack,alicec,https://alicec.substack.com
substack,alwayswindowshopping,https://alwayswindowshopping.substack.com
substack,amygrass,https://amygrass.substack.com
substack,amyodell,https://amyodell.substack.com
substack,andrewhorn,https://andrewhorn.substack.com
substack,angelicamerritt,https://angelicamerritt.substack.com
substack,annahaines,https://annahaines.substack.com
substack,annettejwick,https://annettejwick.substack.com
substack,anodynemag,https://anodynemag.substack.com
substack,authenticallyhailey,https://authenticallyhailey.substack.com
substack,awesomepeopleco,https://awesomepeopleco.substack.com
substack,bettyguts,https://bettyguts.substack.com
substack,bigboobcowgirl,https://bigboobcowgirl.substack.com
substack,bigcitylittlefriend,https://bigcitylittlefriend.substack.com
substack,bigundies,https://bigundies.substack.com
substack,bonnielucille,https://bonnielucille.substack.com
substack,bowtiedangel,https://bowtiedangel.substack.com
substack,breakingbeautypodcast,https://breakingbeautypodcast.substack.com
substack,brittanybrowning,https://brittanybrowning.substack.com
substack,chaiselounge,https://chaiselounge.substack.com
substack,cherishparenting,https://cherishparenting.substack.com
substack,chipsanddips,https://chipsanddips.substack.com
substack,cleanmajors,https://cleanmajors.substack.com
substack,crystallizedsexuality,https://crystallizedsexuality.substack.com
substack,curiosityandritual,https://curiosityandritual.substack.com
substack,cycleswithc,https://cycleswithc.substack.com
substack,danifaithleonard,https://danifaithleonard.substack.com
substack,denutrients,https://denutrients.substack.com
substack,devinvonderhaar,https://devinvonderhaar.substack.com
substack,doonebetter,https://doonebetter.substack.com
substack,dorothyanndivine,https://dorothyanndivine.substack.com
substack,eeyaa25,https://eeyaa25.substack.com
substack,eleanorelliottthomas,https://eleanorelliottthomas.substack.com
substack,electricrunwayreport,https://electricrunwayreport.substack.com
substack,emilyherbert,https://emilyherbert.substack.com
substack,ettasembrace,https://ettasembrace.substack.com
substack,evilwitches,https://evilwitches.substack.com
substack,exploringwhatsnext,https://exploringwhatsnext.substack.com
substack,faithfulandflourishing1,https://faithfulandflourishing1.substack.com
substack,femalestartupclub,https://femalestartupclub.substack.com
substack,femtechbrief,https://femtechbrief.substack.com
substack,fertilityawarenesspath,https://fertilityawarenesspath.substack.com
substack,firstlooknewsletter,https://firstlooknewsletter.substack.com
substack,fithappens,https://fithappens.substack.com
substack,freakpalace,https://freakpalace.substack.com
substack,fueledbylolz,https://fueledbylolz.substack.com
substack,gaiahealth,https://gaiahealth.substack.com
substack,gettingthenod,https://gettingthenod.substack.com
substack,gigiengle,https://gigiengle.substack.com
substack,goddessamina,https://goddessamina.substack.com
substack,h3rs,https://h3rs.substack.com
substack,hangersandmash,https://hangersandmash.substack.com
substack,hdepaola,https://hdepaola.substack.com
substack,heyteagan,https://heyteagan.substack.com
substack,hillarykerr,https://hillarykerr.substack.com
substack,houseofendo,https://houseofendo.substack.com
substack,humansforgood,https://humansforgood.substack.com
substack,inaword,https://inaword.substack.com
substack,indiology,https://indiology.substack.com
substack,ingoodco,https://ingoodco.substack.com
substack,insiderbeautybuzz,https://insiderbeautybuzz.substack.com
substack,itsfetch,https://itsfetch.substack.com
substack,jackicarr,https://jackicarr.substack.com
substack,jbcpresentsofficehours,https://jbcpresentsofficehours.substack.com
substack,jennromolini,https://jennromolini.substack.com
substack,jessicaknobloch,https://jessicaknobloch.substack.com
substack,jointhepurse,https://jointhepurse.substack.com
substack,jopiazza,https://jopiazza.substack.com
substack,journallane,https://journallane.substack.com
substack,jovraca,https://jovraca.substack.com
substack,juliaguerra,https://juliaguerra.substack.com
substack,justaddhotsauce,https://justaddhotsauce.substack.com
substack,justicemoms,https://justicemoms.substack.com
substack,kalpanachetty,https://kalpanachetty.substack.com
substack,kamea,https://kamea.substack.com
substack,katiecolley,https://katiecolley.substack.com
substack,kellywoodsstudio,https://kellywoodsstudio.substack.com
substack,kimkgraycoach,https://kimkgraycoach.substack.com
substack,kpkaszubowski,https://kpkaszubowski.substack.com
substack,laurenelizabethclark,https://laurenelizabethclark.substack.com
substack,lesflux,https://lesflux.substack.com
substack,lesswithlaur,https://lesswithlaur.substack.com
substack,letstalkabouttime,https://letstalkabouttime.substack.com
substack,louisestylemecurvy,https://louisestylemecurvy.substack.com
substack,mahaliahandley,https://mahaliahandley.substack.com
substack,marissaburdett,https://marissaburdett.substack.com
substack,mcaz,https://mcaz.substack.com
substack,melsunwell,https://melsunwell.substack.com
substack,mg1,https://mg1.substack.com
substack,mg2,https://mg2.substack.com
substack,moneywithbeans,https://moneywithbeans.substack.com
substack,moreyou,https://moreyou.substack.com
substack,musingsofahotmess,https://musingsofahotmess.substack.com
substack,myselise,https://myselise.substack.com
substack,naturallyher,https://naturallyher.substack.com
substack,notjustalogo,https://notjustalogo.substack.com
substack,nowwhatnewsletter,https://nowwhatnewsletter.substack.com
substack,ojala,https://ojala.substack.com
substack,omologyyoga,https://omologyyoga.substack.com
substack,oniguili,https://oniguili.substack.com
substack,oohonline,https://oohonline.substack.com
substack,opnews,https://opnews.substack.com
substack,palexander,https://palexander.substack.com
substack,pelvichealth,https://pelvichealth.substack.com
substack,periodpulse,https://periodpulse.substack.com
substack,phillipkapeleris,https://phillipkapeleris.substack.com
substack,pineconewanderings,https://pineconewanderings.substack.com
substack,platonicloveletter,https://platonicloveletter.substack.com
substack,properchat,https://properchat.substack.com
substack,radiate,https://radiate.substack.com
substack,rafaelaguimaraes,https://rafaelaguimaraes.substack.com
substack,raisingwholeness,https://raisingwholeness.substack.com
substack,readmostlysunny,https://readmostlysunny.substack.com
substack,readyornot,https://readyornot.substack.com
substack,rebeccawoolf,https://rebeccawoolf.substack.com
substack,reganjonesrdn,https://reganjonesrdn.substack.com
substack,regenerating,https://regenerating.substack.com
substack,rosemarymaccabe,https://rosemarymaccabe.substack.com
substack,ruthanndaniel,https://ruthanndaniel.substack.com
substack,saalt,https://saalt.substack.com
substack,sagefemmewomb,https://sagefemmewomb.substack.com
substack,semainehealth,https://semainehealth.substack.com
substack,senzarossetto,https://senzarossetto.substack.com
substack,sexedshouldntsuck,https://sexedshouldntsuck.substack.com
substack,shannonkevans,https://shannonkevans.substack.com
substack,shante,https://shante.substack.com
substack,skinofourteeth,https://skinofourteeth.substack.com
substack,smallsteps,https://smallsteps.substack.com
substack,solidbitch,https://solidbitch.substack.com
substack,solutions,https://solutions.substack.com
substack,somanymovingparts,https://somanymovingparts.substack.com
substack,someassemblyrequired,https://someassemblyrequired.substack.com
substack,sophieelizabeth,https://sophieelizabeth.substack.com
substack,spiralboundinmaine,https://spiralboundinmaine.substack.com
substack,starrstudio,https://starrstudio.substack.com
substack,surefinewhatever,https://surefinewhatever.substack.com
substack,sustainablefemtechnetwork,https://sustainablefemtechnetwork.substack.com
substack,takecare,https://takecare.substack.com
substack,thecassandracomplex,https://thecassandracomplex.substack.com
substack,themiddleages,https://themiddleages.substack.com
substack,themidst,https://themidst.substack.com
substack,theselfdevotionedit,https://theselfdevotionedit.substack.com
substack,theskyinside,https://theskyinside.substack.com
substack,thesweatlookbook,https://thesweatlookbook.substack.com
substack,torieburns,https://torieburns.substack.com
substack,trendingdata,https://trendingdata.substack.com
substack,tryniakaufman,https://tryniakaufman.substack.com
substack,tuenight,https://tuenight.substack.com
substack,underwearthesis,https://underwearthesis.substack.com
substack,unstoppablefemalefounders,https://unstoppablefemalefounders.substack.com
substack,valelefante,https://valelefante.substack.com
substack,wednesdaymorning,https://wednesdaymorning.substack.com
substack,whatareuwearing,https://whatareuwearing.substack.com
substack,wheresjenny,https://wheresjenny.substack.com
substack,willandway,https://willandway.substack.com
substack,windowshoppingnews,https://windowshoppingnews.substack.com
substack,wuhaus,https://wuhaus.substack.com
substack,yankeedoodledharma,https://yankeedoodledharma.substack.com
substack,zavimes,https://zavimes.substack.com
substack,zoelindquist,https://zoelindquist.substack.com
twitter,1013733,https://x.com/1013733
twitter,1019414,https://x.com/1019414
twitter,1053536,https://x.com/1053536
twitter,1108087,https://x.com/1108087
twitter,1113964,https://x.com/1113964
twitter,1133462,https://x.com/1133462
twitter,1139119,https://x.com/1139119
twitter,1173481,https://x.com/1173481
twitter,118353,https://x.com/118353
twitter,118355,https://x.com/118355
twitter,118854,https://x.com/118854
twitter,118856,https://x.com/118856
twitter,118857,https://x.com/118857
twitter,1188572,https://x.com/1188572
twitter,118858,https://x.com/118858
twitter,118862,https://x.com/118862
twitter,1194460,https://x.com/1194460
twitter,1200229,https://x.com/1200229
twitter,120218,https://x.com/120218
twitter,120219,https://x.com/120219
twitter,1211659,https://x.com/1211659
twitter,1282834,https://x.com/1282834
twitter,128877,https://x.com/128877
twitter,1319177,https://x.com/1319177
twitter,134343,https://x.com/134343
twitter,1361685,https://x.com/1361685
twitter,1367686,https://x.com/1367686
twitter,1377534,https://x.com/1377534
twitter,1404765,https://x.com/1404765
twitter,143065,https://x.com/143065
twitter,1447693,https://x.com/1447693
twitter,1454089,https://x.com/1454089
twitter,1493615,https://x.com/1493615
twitter,1500226,https://x.com/1500226
twitter,1542690,https://x.com/1542690
twitter,1549825,https://x.com/1549825
twitter,1773085,https://x.com/1773085
twitter,1865208,https://x.com/1865208
twitter,1912398,https://x.com/1912398
twitter,1919229,https://x.com/1919229
twitter,1930586,https://x.com/1930586
twitter,1961896,https://x.com/1961896
twitter,1968370,https://x.com/1968370
twitter,2,https://x.com/2
twitter,2015969,https://x.com/2015969
twitter,2018,https://x.com/2018
twitter,2022,https://x.com/2022
twitter,2023,https://x.com/2023
twitter,2025,https://x.com/2025
twitter,2057562,https://x.com/2057562
twitter,2107312,https://x.com/2107312
twitter,2113949,https://x.com/2113949
twitter,2125691,https://x.com/2125691
twitter,2155239,https://x.com/2155239
twitter,2203437,https://x.com/2203437
twitter,2246942,https://x.com/2246942
twitter,2255175,https://x.com/2255175
twitter,2306037,https://x.com/2306037
twitter,234336,https://x.com/234336
twitter,2349053,https://x.com/2349053
twitter,2357763,https://x.com/2357763
twitter,2378331,https://x.com/2378331
twitter,237839,https://x.com/237839
twitter,2402879,https://x.com/2402879
twitter,2448923,https://x.com/2448923
twitter,2458046,https://x.com/2458046
twitter,2489177,https://x.com/2489177
twitter,2529769,https://x.com/2529769
twitter,258851,https://x.com/258851
twitter,264446,https://x.com/264446
twitter,265663,https://x.com/265663
twitter,272059,https://x.com/272059
twitter,272080,https://x.com/272080
twitter,3266485,https://x.com/3266485
twitter,3278066,https://x.com/3278066
twitter,3308961,https://x.com/3308961
twitter,3316348,https://x.com/3316348
twitter,3327953,https://x.com/3327953
twitter,3360414,https://x.com/3360414
twitter,3372956,https://x.com/3372956
twitter,3401858,https://x.com/3401858
twitter,3411343,https://x.com/3411343
twitter,3423079,https://x.com/3423079
twitter,3455176,https://x.com/3455176
twitter,3474640,https://x.com/3474640
twitter,3508217,https://x.com/3508217
twitter,3517049,https://x.com/3517049
twitter,3527104,https://x.com/3527104
twitter,3528719,https://x.com/3528719
twitter,3531925,https://x.com/3531925
twitter,3537786,https://x.com/3537786
twitter,3542560,https://x.com/3542560
twitter,3549482,https://x.com/3549482
twitter,3552432,https://x.com/3552432
twitter,3556682,https://x.com/3556682
twitter,3563322,https://x.com/3563322
twitter,3567787,https://x.com/3567787
twitter,3569527,https://x.com/3569527
twitter,3571573,https://x.com/3571573
twitter,3573985,https://x.com/3573985
twitter,3580061,https://x.com/3580061
twitter,3581561,https://x.com/3581561
twitter,3590648,https://x.com/3590648
twitter,3601216,https://x.com/3601216
twitter,3604428,https://x.com/3604428
twitter,3606068,https://x.com/3606068
twitter,3613957,https://x.com/3613957
twitter,3613958,https://x.com/3613958
twitter,3616959,https://x.com/3616959
twitter,3622719,https://x.com/3622719
twitter,3624308,https://x.com/3624308
twitter,3634419,https://x.com/3634419
twitter,3634420,https://x.com/3634420
twitter,3635799,https://x.com/3635799
twitter,3646361,https://x.com/3646361
twitter,3655726,https://x.com/3655726
twitter,3658705,https://x.com/3658705
twitter,3665628,https://x.com/3665628
twitter,3667101,https://x.com/3667101
twitter,3668463,https://x.com/3668463
twitter,3669909,https://x.com/3669909
twitter,3671263,https://x.com/3671263
twitter,3674397,https://x.com/3674397
twitter,3684569,https://x.com/3684569
twitter,3693800,https://x.com/3693800
twitter,3695561,https://x.com/3695561
twitter,3702749,https://x.com/3702749
twitter,3704358,https://x.com/3704358
twitter,3705846,https://x.com/3705846
twitter,3713039,https://x.com/3713039
twitter,3713040,https://x.com/3713040
twitter,3716005,https://x.com/3716005
twitter,3719076,https://x.com/3719076
twitter,3724968,https://x.com/3724968
twitter,3729465,https://x.com/3729465
twitter,3733782,https://x.com/3733782
twitter,3740630,https://x.com/3740630
twitter,3749391,https://x.com/3749391
twitter,3752688,https://x.com/3752688
twitter,3760472,https://x.com/3760472
twitter,3762111,https://x.com/3762111
twitter,3771624,https://x.com/3771624
twitter,3787313,https://x.com/3787313
twitter,3794189,https://x.com/3794189
twitter,3797690,https://x.com/3797690
twitter,3800778,https://x.com/3800778
twitter,3807167,https://x.com/3807167
twitter,3809212,https://x.com/3809212
twitter,3833470,https://x.com/3833470
twitter,3839038,https://x.com/3839038
twitter,3842342,https://x.com/3842342
twitter,3849475,https://x.com/3849475
twitter,3851207,https://x.com/3851207
twitter,3859554,https://x.com/3859554
twitter,3861243,https://x.com/3861243
twitter,3863766,https://x.com/3863766
twitter,3865409,https://x.com/3865409
twitter,3876750,https://x.com/3876750
twitter,3877823,https://x.com/3877823
twitter,3883587,https://x.com/3883587
twitter,3883588,https://x.com/3883588
twitter,3883589,https://x.com/3883589
twitter,3890754,https://x.com/3890754
twitter,3904614,https://x.com/3904614
twitter,3906116,https://x.com/3906116
twitter,3908464,https://x.com/3908464
twitter,3914970,https://x.com/3914970
twitter,3920881,https://x.com/3920881
twitter,3926629,https://x.com/3926629
twitter,3926630,https://x.com/3926630
twitter,3931377,https://x.com/3931377
twitter,3935387,https://x.com/3935387
twitter,3943721,https://x.com/3943721
twitter,3947362,https://x.com/3947362
twitter,3951008,https://x.com/3951008
twitter,3958418,https://x.com/3958418
twitter,3958419,https://x.com/3958419
twitter,3960477,https://x.com/3960477
twitter,3967260,https://x.com/3967260
twitter,3976844,https://x.com/3976844
twitter,3980516,https://x.com/3980516
twitter,3983299,https://x.com/3983299
twitter,3986557,https://x.com/3986557
twitter,3990453,https://x.com/3990453
twitter,3999783,https://x.com/3999783
twitter,4019113,https://x.com/4019113
twitter,4052222,https://x.com/4052222
twitter,4054998,https://x.com/4054998
twitter,4071017,https://x.com/4071017
twitter,4076889,https://x.com/4076889
twitter,4085462,https://x.com/4085462
twitter,4093303,https://x.com/4093303
twitter,4094999,https://x.com/4094999
twitter,4096700,https://x.com/4096700
twitter,4099815,https://x.com/4099815
twitter,4102995,https://x.com/4102995
twitter,4104573,https://x.com/4104573
twitter,4104574,https://x.com/4104574
twitter,4106157,https://x.com/4106157
twitter,4120298,https://x.com/4120298
twitter,4130739,https://x.com/4130739
twitter,4135688,https://x.com/4135688
twitter,4141029,https://x.com/4141029
twitter,4151724,https://x.com/4151724
twitter,4159884,https://x.com/4159884
twitter,4208859,https://x.com/4208859
twitter,4218701,https://x.com/4218701
twitter,4232248,https://x.com/4232248
twitter,4240613,https://x.com/4240613
twitter,4242876,https://x.com/4242876
twitter,4242877,https://x.com/4242877
twitter,4244902,https://x.com/4244902
twitter,4244903,https://x.com/4244903
twitter,4251886,https://x.com/4251886
twitter,4264092,https://x.com/4264092
twitter,4273087,https://x.com/4273087
twitter,4280133,https://x.com/4280133
twitter,4283988,https://x.com/4283988
twitter,4293718,https://x.com/4293718
twitter,4302092,https://x.com/4302092
twitter,4302093,https://x.com/4302093
twitter,4305352,https://x.com/4305352
twitter,4305353,https://x.com/4305353
twitter,4310175,https://x.com/4310175
twitter,4310176,https://x.com/4310176
twitter,4319804,https://x.com/4319804
twitter,4331247,https://x.com/4331247
twitter,4353367,https://x.com/4353367
twitter,4365060,https://x.com/4365060
twitter,4374903,https://x.com/4374903
twitter,4386588,https://x.com/4386588
twitter,4393188,https://x.com/4393188
twitter,4397072,https://x.com/4397072
twitter,4403265,https://x.com/4403265
twitter,4405585,https://x.com/4405585
twitter,4412677,https://x.com/4412677
twitter,4420001,https://x.com/4420001
twitter,4426540,https://x.com/4426540
twitter,4436651,https://x.com/4436651
twitter,4442140,https://x.com/4442140
twitter,4450383,https://x.com/4450383
twitter,4458080,https://x.com/4458080
twitter,4459648,https://x.com/4459648
twitter,4465984,https://x.com/4465984
twitter,4481024,https://x.com/4481024
twitter,4487731,https://x.com/4487731
twitter,4492108,https://x.com/4492108
twitter,4501290,https://x.com/4501290
twitter,4510133,https://x.com/4510133
twitter,4525396,https://x.com/4525396
twitter,4534855,https://x.com/4534855
twitter,4541587,https://x.com/4541587
twitter,4566662,https://x.com/4566662
twitter,4572070,https://x.com/4572070
twitter,4576308,https://x.com/4576308
twitter,4581420,https://x.com/4581420
twitter,4586298,https://x.com/4586298
twitter,4590419,https://x.com/4590419
twitter,4601156,https://x.com/4601156
twitter,4602743,https://x.com/4602743
twitter,4610178,https://x.com/4610178
twitter,4620677,https://x.com/4620677
twitter,4650589,https://x.com/4650589
twitter,4650590,https://x.com/4650590
twitter,4650591,https://x.com/4650591
twitter,4698001,https://x.com/4698001
twitter,5,https://x.com/5
twitter,50,https://x.com/50
twitter,5142435,https://x.com/5142435
twitter,5142436,https://x.com/5142436
twitter,5142437,https://x.com/5142437
twitter,5142438,https://x.com/5142438
twitter,5142439,https://x.com/5142439
twitter,5142440,https://x.com/5142440
twitter,5142441,https://x.com/5142441
twitter,5156775,https://x.com/5156775
twitter,5162331,https://x.com/5162331
twitter,5170763,https://x.com/5170763
twitter,5172384,https://x.com/5172384
twitter,5174487,https://x.com/5174487
twitter,5174488,https://x.com/5174488
twitter,5174489,https://x.com/5174489
twitter,5175528,https://x.com/5175528
twitter,5175529,https://x.com/5175529
twitter,5175530,https://x.com/5175530
twitter,5176377,https://x.com/5176377
twitter,6875182,https://x.com/6875182
twitter,6875184,https://x.com/6875184
twitter,6875185,https://x.com/6875185
twitter,6875187,https://x.com/6875187
twitter,6875188,https://x.com/6875188
twitter,7,https://x.com/7
twitter,75,https://x.com/75
twitter,806877,https://x.com/806877
twitter,9,https://x.com/9
twitter,ENDLESSDISTANCES,https://x.com/ENDLESSDISTANCES
twitter,IfWeAllHadPeriods,https://x.com/IfWeAllHadPeriods
twitter,JenRiveraBell,https://x.com/JenRiveraBell
twitter,a,https://x.com/a
twitter,abby,https://x.com/abby
twitter,account,https://x.com/account
twitter,all,https://x.com/all
twitter,always,https://x.com/always
twitter,apps,https://x.com/apps
twitter,as,https://x.com/as
twitter,at,https://x.com/at
twitter,aunt,https://x.com/aunt
twitter,becca,https://x.com/becca
twitter,beige,https://x.com/beige
twitter,best,https://x.com/best
twitter,black,https://x.com/black
twitter,blog,https://x.com/blog
twitter,blogs,https://x.com/blogs
twitter,boyfriend,https://x.com/boyfriend
twitter,build,https://x.com/build
twitter,calling,https://x.com/calling
twitter,catmeyer,https://x.com/catmeyer
twitter,co,https://x.com/co
twitter,collections,https://x.com/collections
twitter,comfy,https://x.com/comfy
twitter,cotton,https://x.com/cotton
twitter,cyber,https://x.com/cyber
twitter,dad,https://x.com/dad
twitter,dafna,https://x.com/dafna
twitter,daughter,https://x.com/daughter
twitter,de,https://x.com/de
twitter,discrete,https://x.com/discrete
twitter,divinebeautifulme,https://x.com/divinebeautifulme
twitter,doctor,https://x.com/doctor
twitter,domain,https://x.com/domain
twitter,early,https://x.com/early
twitter,en,https://x.com/en
twitter,es,https://x.com/es
twitter,esid,https://x.com/esid
twitter,expiring,https://x.com/expiring
twitter,extra,https://x.com/extra
twitter,feel,https://x.com/feel
twitter,final,https://x.com/final
twitter,fintech,https://x.com/fintech
twitter,get,https://x.com/get
twitter,gifts,https://x.com/gifts
twitter,girlfriend,https://x.com/girlfriend
twitter,give,https://x.com/give
twitter,grab,https://x.com/grab
twitter,grey,https://x.com/grey
twitter,happy,https://x.com/happy
twitter,harness,https://x.com/harness
twitter,health,https://x.com/health
twitter,helpful,https://x.com/helpful
twitter,how,https://x.com/how
twitter,hsa,https://x.com/hsa
twitter,ifweallhadperiods,https://x.com/ifweallhadperiods
twitter,important,https://x.com/important
twitter,its,https://x.com/its
twitter,jp,https://x.com/jp
twitter,kiersten,https://x.com/kiersten
twitter,kimmay,https://x.com/kimmay
twitter,kunanyimountain1,https://x.com/kunanyimountain1
twitter,last,https://x.com/last
twitter,listing,https://x.com/listing
twitter,littlerosedust,https://x.com/littlerosedust
twitter,make,https://x.com/make
twitter,me,https://x.com/me
twitter,media,https://x.com/media
twitter,mei,https://x.com/mei
twitter,modal,https://x.com/modal
twitter,modernsitetasarimi,https://x.com/modernsitetasarimi
twitter,modibodi,https://x.com/modibodi
twitter,mom,https://x.com/mom
twitter,more,https://x.com/more
twitter,mother,https://x.com/mother
twitter,muscle,https://x.com/muscle
twitter,muscular,https://x.com/muscular
twitter,new,https://x.com/new
twitter,news,https://x.com/news
twitter,no,https://x.com/no
twitter,now,https://x.com/now
twitter,nurse,https://x.com/nurse
twitter,nzingah,https://x.com/nzingah
twitter,our,https://x.com/our
twitter,pages,https://x.com/pages
twitter,pameclynes,https://x.com/pameclynes
twitter,parents,https://x.com/parents
twitter,period,https://x.com/period
twitter,pick,https://x.com/pick
twitter,podcast,https://x.com/podcast
twitter,post,https://x.com/post
twitter,practical,https://x.com/practical
twitter,products,https://x.com/products
twitter,programmer,https://x.com/programmer
twitter,psst,https://x.com/psst
twitter,ready,https://x.com/ready
twitter,ruby,https://x.com/ruby
twitter,sale,https://x.com/sale
twitter,santas,https://x.com/santas
twitter,say,https://x.com/say
twitter,shelbi,https://x.com/shelbi
twitter,shop,https://x.com/shop
twitter,sister,https://x.com/sister
twitter,something,https://x.com/something
twitter,sosyalmedyayonetimi,https://x.com/sosyalmedyayonetimi
twitter,speax,https://x.com/speax
twitter,spread,https://x.com/spread
twitter,spring,https://x.com/spring
twitter,stay,https://x.com/stay
twitter,stressed,https://x.com/stressed
twitter,style,https://x.com/style
twitter,switch,https://x.com/switch
twitter,sydneyscott,https://x.com/sydneyscott
twitter,tenzin,https://x.com/tenzin
twitter,the,https://x.com/the
twitter,these,https://x.com/these
twitter,theyre,https://x.com/theyre
twitter,thinx,https://x.com/thinx
twitter,this,https://x.com/this
twitter,threes,https://x.com/threes
twitter,time,https://x.com/time
twitter,track,https://x.com/track
twitter,travel,https://x.com/travel
twitter,try,https://x.com/try
twitter,turn,https://x.com/turn
twitter,undies,https://x.com/undies
twitter,we,https://x.com/we
twitter,wen,https://x.com/wen
twitter,what,https://x.com/what
twitter,when,https://x.com/when
twitter,wife,https://x.com/wife
twitter,women,https://x.com/women
twitter,you,https://x.com/you
twitter,youre,https://x.com/youre
